{
  "project_info": {
    "project_number": "303864867960",
    "firebase_url": "https://arlogin-f594d.firebaseio.com",
    "project_id": "arlogin-f594d",
    "storage_bucket": "arlogin-f594d.appspot.com"
  },
  "client": [
    {
      "client_info": {
        "mobilesdk_app_id": "1:303864867960:android:f6f6f269324cfc91",
        "android_client_info": {
          "package_name": "edu.ritindia.argraphics.chiragketakisarvesh"
        }
      },
      "oauth_client": [
        {
          "client_id": "303864867960-qs4cmkrauabj5brs50t9c7805hihm9pl.apps.googleusercontent.com",
          "client_type": 3
        }
      ],
      "api_key": [
        {
          "current_key": "AIzaSyA4uPq7B9-Ow7dKoh6vlSBBJJOkYj3rSD0"
        }
      ],
      "services": {
        "analytics_service": {
          "status": 1
        },
        "appinvite_service": {
          "status": 1,
          "other_platform_oauth_client": []
        },
        "ads_service": {
          "status": 2
        }
      }
    }
  ],
  "configuration_version": "1"
}